positions_count,holdings_count,positions_to_holdings_ratio,avg_volatility,nifty_change_pct,banknifty_change_pct,sensex_change_pct,avg_correlation,overall_sentiment_score,overall_sentiment_confidence,avg_position_sentiment,current_margin,margin_per_position,negative_positions_ratio,actual_reduction
12.513265936600554,3.6874838474280414,1.4650960501934536,0.4534708629401909,1.3855427180670445,1.010155114040916,-0.2863268286728462,0.8436417324284786,0.21890353107987215,0.7523095215256423,-0.00755725613340863,828954.7597280125,43536.258035402454,0.4549813619165163,0.05
11.450891809926928,12.99805294399095,0.4560340098187188,0.10298236956600229,-1.1722051781430252,-1.5055221124412874,-0.6279225601318821,0.7141737201744571,-0.7120656869201785,0.5623934629147651,0.4908994545857339,171288.6046885839,11613.798884643993,0.7227026564921866,0.05
2.3247249643732903,1.9178917163789917,1.294198464758633,0.48431883759257355,-1.3808165538249435,1.8287172148467672,0.014747299521356894,0.4690525893478589,0.6142314907906641,0.30653231129618685,-0.04170153997495607,575861.5226918316,47096.4303805811,0.4421940908500226,0.05
5.444359613842634,8.382656222071727,0.9837929379648975,0.15687846481078946,-0.7521535353124333,0.18177786513312766,-1.3783474186363232,0.2824517892052768,0.23274113299916088,0.48546584341800564,0.38471234228401996,871636.173450373,56822.02444945183,0.7861852571087419,0.05
4.838226896368244,1.836557778031886,0.10025099248137374,0.21597701869683222,-0.7234593436653682,0.23201916516195986,1.1336730072114598,0.3471931802205937,0.35058248695245897,0.7967784810921195,-0.04553372309103665,271084.712255811,17053.56810391751,0.8121034701470589,0.05
16.322443554264517,6.34552646878433,1.8529145590352911,0.30733939283063216,0.694034274133335,-0.8541544497660571,-0.980382096340692,0.46240902921656196,0.4318680197981961,0.34119582311900626,0.4379299740506606,188649.33121211495,95983.02717238832,0.2798673448469051,0.05
5.074297426790761,17.8167084001031,1.3383266926743902,0.3299742696604382,0.6990098657801274,-0.08190443739310371,1.9722289552930143,0.6149623276200181,0.15551299385222506,0.43599520970414907,-0.05872038916740974,318882.871836352,35980.2093910282,0.4389407884253024,0.05
10.96513445948901,29.036287908614167,1.4747450050143218,0.21270328435167354,-1.6938360373113035,-1.5000231148458805,0.22257214553346394,0.5331044056612004,0.5676773427180877,0.5080357083652567,-0.07044478175230451,202896.75758989993,95952.00222199588,0.010301282397670919,0.05
7.643498334214891,2.482177193244985,1.4796474025858082,0.28443509545212187,0.00771044994985326,-0.35414789960816195,1.6811087740702098,0.20834329569149074,-0.7344220207595383,0.8177820796881858,0.7190667270641513,396777.954127155,94437.11188608326,0.655377756700142,0.05
11.287977949903585,15.879540599015561,1.1987102796995488,0.39538961669657946,1.3731008832709688,0.04756506148797657,-0.28574557783382515,0.7109260968171511,0.7552495696588637,0.38770816450158035,0.6248650060532179,516464.0633797616,77869.43389709963,0.005340808439505351,0.05
12.488667112939325,10.240084754091015,0.9422608411143621,0.26590812487028614,0.4463328184926847,-0.3221281442066677,-0.522753035059881,0.6343103347431929,0.558796299861849,0.6882060707860442,0.630507035447238,914986.4349281163,90174.15436197586,0.19775046152346232,0.05
3.583603671136146,26.60929008822838,1.659504473060882,0.27568675251294217,1.1307428994490158,0.4296659933376499,-1.2978926081724937,0.2848925071924216,0.0067401084216746066,0.30422182037339834,-0.2576079676865701,131794.55022454757,98012.49826856477,0.9712491301699046,0.05
3.3084864883975165,29.869792720262193,1.9226678515146913,0.2647001199023111,1.8717587332560162,-0.13230856227969356,-1.9512008824016829,0.3995866670167715,0.4962963224098602,0.5928287078300783,0.1360798984742816,461077.60200236103,65359.52458517048,0.28029251243931597,0.05
12.616954875394338,25.40517042676069,1.047725637816852,0.3944652553388066,-1.7764104155303304,0.401505588165064,0.5891320207036799,0.7980148849862785,-0.11758313954271082,0.7490502979178997,0.3954339019260924,805564.0714127923,95933.76783509174,0.21587000444195614,0.05
5.768427512308715,29.6489844512034,0.4915649842337064,0.43753744295951413,-1.3664730544349064,-0.42667463052731236,0.6412862507740971,0.48262823086634926,0.4373523859043187,0.5192838319750155,0.711664499927043,195720.66604820307,43281.555025200716,0.48369871678981036,0.05
16.916724941531243,12.09890615822739,0.15231142049016938,0.4824130117544275,1.7203466661234277,-0.7182701916912992,-1.0616027319614192,0.38020702364760417,-0.4988541558103039,0.8486413720312531,-0.4198491985547557,682623.4695197828,46427.114460648125,0.42716399646236125,0.05
15.18732921038089,18.11822224106557,0.28043560101169873,0.3756347798401509,1.698853843697627,-0.8697127725471563,-0.6285332310871947,0.4305570198248192,0.4954619220084173,0.7595386962796958,0.7103481079142677,625308.3670344104,12219.246853554536,0.9861169166619471,0.05
13.747353067476137,25.81131948607891,1.7106671933663857,0.2975436358897646,0.7747092787116667,1.34636620003362,1.3188627917821951,0.613718835019416,-0.08114630539900658,0.6174080284997284,0.25335013799962636,171740.44311663514,37694.01271721805,0.7460905980737351,0.05
12.909573868188108,1.2766303863619477,1.9418821989195867,0.17997972327197376,-0.7855124939918774,0.6662464115756657,0.3549451536481798,0.3366421905481664,0.5550680771431966,0.816191871265163,-0.2208528294123019,327553.55884945235,28186.505726586143,0.3438932616007515,0.05
12.714300274546867,4.13021686341151,0.6872357556658002,0.27130539309188817,-1.227191335818865,-0.5226604025087029,-0.5310053615688108,0.48322817510446847,-0.17300304406925682,0.6491680111624974,-0.15147584286234161,504687.9678304305,44831.13181583289,0.8588674231090776,0.05
16.805885915298624,14.489603506905347,0.4356914947128667,0.34604151289753204,-0.21725524805342022,1.8528422968184417,-1.1848371208009305,0.46165271063898594,0.34615931624484775,0.5836753163023958,0.4292634062761669,635147.834820064,38238.06517259935,0.4244066160190971,0.05
10.69004629429773,8.352036571579402,1.5514717533044209,0.4184642615454368,-0.23965377155111556,-0.8465449576447597,-1.4038524227087499,0.6795310057454065,0.35802807502657297,0.44462336990500884,0.10127765300772873,341641.351612153,26378.987739910706,0.0075713036304416725,0.05
11.288409028021494,13.273948004135303,0.38772012677863366,0.36095621640323505,0.5376666361728342,-0.7948874457242701,0.15242670692548677,0.5255178373090148,0.7389563361551061,0.31975254768235345,-0.38940372892257236,548596.4075700804,94841.76067049202,0.8056185437339198,0.05
12.504756298552506,7.70303910007996,1.8196949884815594,0.19632726771828624,1.095057662687339,0.8483443404007223,1.3964999599911785,0.36612048998570784,0.5179953840925606,0.6492007870147012,0.6584711656603646,578405.3371425902,42281.94877922359,0.9638496168304661,0.05
18.760026521277528,15.505938338363581,0.4064561060450942,0.3510831630423361,-1.6296447319446816,-0.3382710871873811,-0.6177669469830347,0.4213874108630493,-0.7782806220626084,0.7978639308528119,-0.1354900802519896,919724.4719873454,88711.31316722858,0.6914524359032854,0.05
4.985777719685844,15.021232569532492,1.4784946330148274,0.19236181219534,-0.7294028883978161,0.050881089046002526,1.5448820751665324,0.2032048900749204,0.11197103596351676,0.4982227775550213,-0.5653074776031828,588953.3008616427,91015.64043882991,0.6987080859744815,0.05
3.512353110376699,29.327674581596206,0.23898298629371584,0.19082919803603793,-0.7497057650012802,-1.5950010715445009,1.0145908963229484,0.20628796268129435,-0.6417304431504475,0.7686868723857339,0.2787365296086832,851961.9051670444,51698.25295946945,0.7729350258226909,0.05
6.092508681658641,24.601062939811648,1.8003134076623455,0.27182857993190873,0.34790863777091907,-1.9989167057809079,1.9604414809670874,0.34925631278636593,-0.5074820387059287,0.733875809741221,0.19793338264612304,150185.17157936326,81803.552532858,0.8997591567499971,0.05
17.576571742419112,2.587502703483665,1.2072235082253744,0.3794136194510658,-0.8719710515784742,1.0211642729512098,1.8844436181939859,0.5633189583012692,-0.3556131807489973,0.3108071810394973,-0.427639292759727,601854.8898965714,23791.56083980485,0.5277527627321129,0.05
19.83978387998182,23.744599538503092,0.49318572355704626,0.13042460900199315,0.6764155123964812,1.6529984439596461,0.7117991559826029,0.6814460737199535,0.5229514257546455,0.7086320681358952,0.771685759705466,959103.8900322224,63311.805357863515,0.6588773761721438,0.05
13.971161848354647,15.681180637409886,1.3314364038513749,0.14163287704214494,0.5105163950858342,1.2022209417804879,-0.07407351083686642,0.8359615254857078,-0.7973945797970958,0.33672970957221066,0.6994514118503457,732303.6349610179,16317.931999548304,0.8676221285442335,0.05
19.39119941542569,15.510786599357594,1.701397278291329,0.4069119161205885,-0.9449760344063804,0.839554941714812,0.8647549571734214,0.3846748070362284,-0.380341155210418,0.6979448411887612,0.1881605924099805,830038.6843774829,25745.056945239256,0.9825871348303749,0.05
16.968442544866345,8.201455519191516,0.759014223544346,0.3385703400925735,1.0954028097293862,-0.32121353997411184,-0.19408292774149105,0.4874403505413282,-0.5684403707238501,0.4261039137852073,0.024834035445411073,723613.8781860932,39899.868818637326,0.7789455134444451,0.05
18.135234170790973,27.02863335020286,0.33234690699100905,0.10235771261801299,-1.421028772505116,-1.5710658264648147,-1.0117031209672698,0.6041826759653572,-0.6348069760188979,0.7814414979741602,0.03605584722730126,593495.7880763143,79317.34734736031,0.5951680828166079,0.05
6.205402167554317,22.319946266359537,0.7801388553552568,0.36441580001246354,-0.5946392680340749,0.35219267884790817,-0.08771661237400785,0.46146850278206125,0.4381481393095743,0.4948005933666193,-0.4809723122296765,974514.3464352586,96036.58654113322,0.42229109896558836,0.05
9.869344828892494,26.282214227197944,0.820729572972072,0.4006803914635486,1.2994936698304125,0.7893600538175365,1.1994540794698705,0.5951488582619054,0.3513725210104839,0.4680405896370035,0.2123609972092424,881210.3429881755,33272.55359378252,0.9999795414510266,0.05
3.7431294118627836,4.883815632278487,0.9205919055592858,0.31466257454853674,-1.9373851237191566,-0.37105746820577634,-0.25324285170688743,0.5996992268494881,0.7107690745064594,0.5425507012183366,0.18500679255583885,857301.1393086059,55565.1737932687,0.6622388687538256,0.05
2.7054436174565772,13.799775453279747,0.9217853740538996,0.1234707494926028,-1.1452995580175802,-0.4454998588321355,-1.98993910037272,0.7817727217600079,0.4195053355615812,0.40158748884287115,0.5601221127604679,235607.18679705902,73792.18512281007,0.2953315012162705,0.05
10.604966250981226,17.509041706988,0.6988564228635703,0.4025534005826147,1.172492149876656,-1.0612711153773255,-0.5117489837999778,0.34272600860285674,-0.3474987236536766,0.34317794134567364,-0.02308140965172778,890698.9782543379,76678.45286035909,0.9825103960158396,0.05
11.455696069641435,26.5403146391939,0.5366418936196614,0.39485008312345093,-0.008273712777121744,-0.1587489742069863,0.6258059155769433,0.8700578888022383,0.4626350241262802,0.35223019928520577,0.5692928415032348,313369.46985246765,39579.75075078341,0.20700996293653195,0.05
12.14072799172061,20.790202005743613,1.5677711681201487,0.44806484172826166,-0.9435375628202447,-1.4427043220984217,0.05677423054904773,0.8714028958347073,-0.6380627226096257,0.8911938842601392,0.5849789723421075,287245.36917672923,75199.33988967043,0.7655872334270348,0.05
4.302546912558456,20.61379057714673,0.10897550599145792,0.3422644465190383,-1.2201212599351945,-0.4452688304897734,0.4385360631887485,0.8455962201301641,-0.7441464716605375,0.3558160034396283,-0.4748144314470478,997922.2610599278,86114.89796040652,0.597600985461852,0.05
19.787667330445316,6.410569023996362,1.6779048654298867,0.19179611424766613,-1.3518129889111807,-1.5220801630137197,-1.8647267554469478,0.8429625141582735,-0.1955102128262507,0.636703690197227,-0.43338010661768056,536987.8912361942,32641.89736374213,0.9662177079779614,0.05
15.745074794873158,15.07933106472578,1.6141604629937063,0.49931375354544316,1.2309871107230554,-1.4269628770109875,1.8692566798213397,0.2886356146822707,-0.22105847880243812,0.6446217766151405,0.0662128808308644,131670.95644096396,58459.31050882748,0.5489753979680075,0.05
1.4228972209190953,24.306125689592875,0.20729786245369516,0.45173839250076386,0.6683457766316088,-0.1134815118113397,-0.9228272139908227,0.6686840079689551,0.583213211868183,0.4835117610861699,0.6421868093723619,700695.8555041078,60324.15098779419,0.11864582637129883,0.05
3.280518123987398,16.608624204868573,0.9338314346320304,0.441424195653045,0.05445190584249371,1.8575366942150535,-1.7663657815261975,0.5330629854099053,0.5850020211609426,0.5384563991858493,0.07003580246909547,760343.1554196908,10407.156383644122,0.7525678197661164,0.05
12.311460538746529,23.292031030639368,0.24967416898791336,0.10922500998999346,-1.562574717420067,-1.8931623795807582,0.20159092436462966,0.8648864052069904,0.3580873800385065,0.3379478484067687,-0.27372903546476,320008.1295831873,92380.22961581145,0.5821252715724882,0.05
17.981610463273096,23.735043756309196,0.5123364143540478,0.4477001895416728,-1.8874361089809844,1.255966921604767,-1.3367054648256351,0.46877550068742063,-0.7862649729986146,0.352422769422372,-0.3832718420446055,936477.1087189929,59801.136117821094,0.4886760894757991,0.05
2.737196690002339,4.5518121528766535,0.7887050581443111,0.2824351074740552,-0.974897655496556,-1.7986528579472583,1.1920162515121806,0.7926247253901884,0.49932464215870476,0.377391090452719,0.2770371191098797,117823.93519545013,67983.82025896895,0.4415676617012617,0.05
11.221667545370838,17.068690772445954,1.9844743774358118,0.17646742909674973,0.3521078525517658,-0.4046906074176495,1.6488762694098948,0.8319624542239517,0.5819473177500867,0.3879962824412654,0.5649412547067247,385070.3740950326,86101.92178036262,0.4783665743170198,0.05
19.570162195850077,20.29854866163153,0.5497600031840515,0.4254977292582707,-0.18965399563868157,-1.7415189975597043,-0.6629159224342418,0.7074510110009706,0.3594439773328273,0.685908135483192,-0.33478130011850227,607261.9033765923,37736.44431332103,0.29670724400228266,0.05
12.783798553501036,19.225161861069935,0.41829331117108914,0.4953994231473895,1.7720916672802383,1.2586954268917574,-1.76397355166805,0.38237406506264315,-0.48252321214900534,0.593571287929934,-0.47247068290370714,507535.9670255881,81035.07558063403,0.7766985582013138,0.05
3.458730773831817,28.277344218645634,0.9332936710316837,0.3302838338834433,0.7004240690671875,1.5715791605371745,-0.8295119515479805,0.7986167098674677,0.4656133021389932,0.6343022606174519,-0.20313449685161178,544242.1973800258,71179.98386295635,0.9543061021597407,0.05
12.028226340416586,14.084813104472634,0.18392237750864318,0.15276487145334602,1.7591042106328234,-0.23477608247740012,-0.6921031203079537,0.4150374615418678,-0.7539092331738101,0.4610074334874784,-0.09688873684009569,925480.7897000944,20344.41496245003,0.6952340193883462,0.05
12.935830857978365,28.804668830822425,0.49949458963592186,0.2507873028807849,-0.925958558969417,-0.772060147859932,-0.41963254248111514,0.8862363636712398,0.5199918097354839,0.7687096812439429,0.7351582363601892,229635.38033241802,15404.691335974569,0.03437496339397328,0.05
9.884163497736225,8.062134530058591,0.7035262705823346,0.46295219521503717,-1.0697415224045042,-1.1254839084172943,-1.9777838673482262,0.21248601719360316,-0.2723141660323496,0.42432849068817263,0.4135666988824487,683144.7610767509,13291.907081645444,0.0694873059360821,0.05
4.503056401428541,15.010494385506545,1.4021247480242702,0.33895871230787483,0.32712926389031605,1.383259019785335,1.1639456987285577,0.28635619853137645,0.7336473473483649,0.6011107352383751,0.2469033303920436,473492.1910388854,99708.2875656066,0.6983594372532518,0.05
8.81549333702796,8.461496232636883,0.19991579404189047,0.13279474661191826,1.0758782994374312,1.7327167445333536,0.7947641632552589,0.6350254613750725,0.5145785994173975,0.7865836681029432,-0.4000183213116708,603113.4250786456,81384.72321324718,0.5766425963566415,0.05
15.944753240292627,25.820463833223418,1.1878441030871034,0.26071330057241004,0.2902184215478383,1.9512790266049604,-0.804919244615304,0.29157941405390936,-0.5141684876331569,0.3267654006479673,0.5932317985141058,230377.07505058005,39423.29304600216,0.2143166864785755,0.05
3.502291301916002,3.260841720899185,0.6602653571693484,0.1332877910860694,1.549801430523286,-1.3430520635488117,-1.3560606730062754,0.3994194085090372,-0.3360859247656949,0.8435377376146578,-0.5716701723073018,431821.78081441886,39073.56797924802,0.3849774960058552,0.05
17.608669902566042,29.64672517942427,0.36288037010485275,0.1765632828750016,0.1962945766204638,0.521769418022505,-0.44698227000372226,0.8365310338743714,0.2123510942587501,0.8622876052638393,0.5473189676810208,738873.2405734302,83066.97214216995,0.23112080845457517,0.05
11.875013809327273,10.986598695513155,1.0033162405383327,0.3782148309061856,1.140206519905575,0.6482534739362453,0.36984008922392597,0.2894244806953582,-0.2772742977684436,0.3164891808354399,0.712213355921542,609079.6136781373,18250.63628939872,0.890242861409641,0.05
14.691825320652802,24.006248903736896,0.20876244166195765,0.17501076100490318,1.8107198001040263,0.5146823787083634,-1.0010205062624706,0.7526384485913267,-0.7623323716335048,0.34079350315305057,-0.7908999207431153,365836.3787519445,59332.76611897567,0.4325067547323451,0.05
11.310623651247075,27.08311003064357,1.0811102926423266,0.4182472744711273,0.9734848120952182,1.7782225481940506,0.7475533318538523,0.435944460268451,0.12913041707899153,0.5933558809140229,0.7763399410550731,850535.6009104432,53612.58065687701,0.504613693010504,0.05
12.301085009917372,4.594129657326761,1.2809275088122016,0.1779360092186774,-0.5042414753694313,1.4382434522215508,0.09779489175330047,0.6600329450008153,-0.3164896214275496,0.3222077203791584,0.6775527346325279,526076.1695364842,74687.48230308678,0.23350208473897216,0.05
14.93377566824617,25.77195354191682,1.2368193452544822,0.49891688309106186,0.44288506082575996,0.2538240685820057,1.9314409429955708,0.5110652516657859,-0.41771885258058533,0.7941858986666184,0.7332872239231214,431109.2948797788,47264.49754822092,0.5787702184160002,0.05
13.179940913614276,29.6990083129447,1.004407549422562,0.4393763554001878,-1.1419841664273025,-0.18644265379633884,-0.36311431987852094,0.723209800090721,-0.2498569304762065,0.6432668265638554,0.20864056250902463,180175.16328024538,48652.60350263879,0.027727868284688317,0.05
10.99891128630843,5.638651182985409,1.7801162818630474,0.37286339179524897,-0.6745015778904446,-1.0144776426949247,-0.18055174006928665,0.4891848261050705,0.39215171560471473,0.3333838828353018,-0.08099837359991202,251907.23536236107,69490.3833273141,0.23770429897786438,0.05
12.344569385582641,3.6234949803639593,1.8221624855943235,0.43017943059943786,0.8169028389804245,-1.9015114670992221,-0.30537108357565534,0.3553703657267846,0.5671378029968117,0.642150930285343,0.7618441792726489,416489.8383334772,72856.93137435439,0.11670113646020475,0.05
13.351229113695938,17.84675619685597,1.0631683850226346,0.33521424556123836,0.5843581674513523,0.3597018280423572,-0.3327023789950898,0.4700573228352854,-0.4948886538190005,0.5183832944527301,-0.10623298365429701,593515.7871146959,38284.82141375004,0.2529967933645395,0.05
18.849302883993904,16.200588389270017,0.771276360313387,0.3494023712128954,-1.0606175060145722,0.6815275554859266,-1.3502941039949534,0.5407174675912019,-0.6367431489161405,0.7861030757467051,0.24208503234060808,911692.9608349075,41808.447871241995,0.015611724576169328,0.05
4.987385240532595,8.1948142762438,0.37638619600351186,0.4519173316891495,-1.305312997241503,-1.3284084667493463,0.3423400003052266,0.44510709873292986,0.09524507224689283,0.40803658347107247,-0.40944574336642536,265283.46653538547,69311.11459824244,0.5118019257593793,0.05
15.591367909045275,26.041586632193265,0.3391083973151369,0.39862382107855665,1.784022875451472,-1.336146623429808,0.19431641479604345,0.31142658411064705,0.12324861708199575,0.4336763734395831,0.06627995253276264,390288.3599581935,73933.51952280695,0.9863705131612749,0.05
1.5575720510571889,7.375822949825863,1.1892444256960018,0.10868589814914671,-0.533551359175322,-0.29066188387249214,-1.4837151120858558,0.7326111815712495,0.034687074733887435,0.43400993128194226,0.23029391499854857,541304.684381569,31128.95281752845,0.15192109287867106,0.05
11.057874256416325,14.266930207906992,0.2663041210874838,0.404781087440123,1.060405342906357,0.6330691455700608,-1.4995434405979564,0.5616225691751748,-0.025764223181342416,0.6174001287574993,0.26820085623441714,273645.560681159,92441.03793007003,0.30206004443105483,0.05
3.4946812415005746,21.301103703659468,1.4861654582955262,0.11662053009350536,1.7500951606203348,-1.2109343832368955,1.228085584939317,0.371651295136253,-0.2485442815310661,0.5645820919037388,0.4990670434793778,933422.9304406055,17422.735425393785,0.915258274185195,0.05
5.7244027555808445,2.6100678462555242,0.31999869065854264,0.3775994203348504,1.9568532288037628,-1.8788758934713532,0.594392311853877,0.2678262640969632,0.4553913669642904,0.3019710884214113,-0.5457891551045645,676134.5606265453,42837.7220352106,0.09846527439593489,0.05
5.635129849157697,22.963971462182567,0.16958675418457342,0.4086203534931018,0.18710614446050133,1.9889856573209084,-1.9823957156967866,0.8207014945777356,-0.631333605976772,0.6629518364114426,0.2192813990612914,407950.43731785327,16033.756768545494,0.6863888080568769,0.05
15.401829467439873,25.959476574459984,1.050963477606968,0.28797784971883544,1.6823957900113413,-0.915351931782117,0.9460133298879128,0.4290828886993119,-0.38783028090708954,0.42516573174642636,-0.7637930149988054,553654.048337078,92345.60249849847,0.445384901669332,0.05
9.82294680013559,4.250700207172421,1.9875098029283904,0.17006102474833443,-1.4076017723027965,0.3346065454296365,1.91048193818289,0.7532806768721638,0.23470046291762015,0.3182172746471851,0.41614926744277936,759063.6012974972,87910.35798585993,0.6722362328190903,0.05
12.559712232395116,17.871656761606594,0.2331135933870316,0.17080786580828647,-0.42769517530803824,-0.30855607636601423,0.7681671096522784,0.8519101093254406,0.5262391467526628,0.7767762270928475,-0.14205027458025676,806729.7486280485,88028.8024861467,0.09755666802825813,0.05
17.916014176011437,13.801085635132097,1.7212983925832888,0.27773431343148236,1.2059677106046034,0.12442312267473632,0.8243494559470546,0.5899831771201358,0.7876827546945997,0.609527499739297,0.7366269552027143,890491.1414390148,89983.32103623188,0.84140213549565,0.05
11.881905012484891,7.499706232822061,1.52349382717865,0.295021735961151,1.4065165347256459,-0.37103356098110796,-0.6734974541513501,0.6477746106815305,0.7097633748989827,0.5428546614690596,0.33106850885842287,883425.3576662187,35687.27080010819,0.14438580884063668,0.05
11.173732489396471,21.48735410430544,0.535669288520114,0.3177061564471263,-0.1394009435416188,1.7052325394647827,1.5406067281547702,0.7979924327746841,0.0981612121845854,0.5707457537894294,0.018256692290594678,570360.3611324839,24128.29595647068,0.5946011488678484,0.05
12.836307844291468,14.029011170097455,1.2318488691039406,0.4138159391318761,1.6527331701785792,-1.9556162462075495,1.0049733509460452,0.2763818712895434,0.3037558475634621,0.4283104278890262,-0.2320043879722412,412946.82352242974,54683.56227747361,0.5357557045597819,0.05
5.44524579934273,9.810210198143622,0.6689226712799226,0.11539639544061658,1.869047276393904,1.1691514261111222,-1.4316987940564787,0.8734573219632431,-0.6004685272472238,0.8036540035502227,-0.5271532843646778,510996.5129890851,55544.10745050798,0.3114883812889434,0.05
9.228789313041245,25.682331824032005,1.4908596740942979,0.24735015144999883,-0.6022229940267727,1.250450570497077,-1.6424670322808477,0.5264367073323891,-0.5884165956139689,0.7706848625574108,-0.39827533182405883,688982.5457152127,67035.3380507087,0.6851180163376095,0.05
16.913384601904724,7.00566697438205,0.6938733640900986,0.35031466189214944,0.09348827083945332,-1.2647999278774562,0.7434150018634234,0.23419507957360802,-0.34892550589055527,0.6893321733480733,0.4308395492641932,626699.3872095335,60087.555511101695,0.7793117302629559,0.05
19.216423790194984,27.754253778230513,1.958088995046286,0.39476978810617824,-1.5859320036937432,1.2561761701136334,-1.9739479645541969,0.4601522553696981,0.5386228641407576,0.670907507508435,0.7387104362790378,907489.6365546258,79386.7414210086,0.5515683293000897,0.05
2.4015673525145695,26.210705050214155,1.6884453335816072,0.2247693909752409,-0.3364606467686939,1.2866456858735065,1.458455681597286,0.47987706826759907,0.36802431629972654,0.7076400208715968,-0.5054704829957666,217202.20425125933,39623.50799936103,0.1516626800235551,0.05
2.8666039880726104,25.55701057469865,0.8584467577079433,0.27749432033053556,1.0814923735507085,0.4034957230052103,-1.0023316675864389,0.8498930770273201,-0.6380337974849898,0.8414880125142317,-0.29609774967600255,259155.9927242364,39867.21110583584,0.571211332270467,0.05
6.49577049911292,10.51361223388834,0.9020428350858549,0.1298436718632764,-0.9883640582518778,-1.9913868438825832,0.13617774096136914,0.747114747807553,0.12408660426093299,0.4926670655201748,0.09843360041079452,709229.1206733173,87501.49279589663,0.20286033750830013,0.05
2.6054494975309743,28.14702864844319,0.7269056396716889,0.3418650637894215,1.2002732881306222,-0.7632232387784121,0.14546877621501197,0.31955002735446475,0.11265400446198692,0.4478078361108475,0.6088867780726595,969604.734862682,44706.78015835453,0.5016234108779712,0.05
18.60568077347387,14.674141255194453,1.2033901222149703,0.2599862690559521,-0.6724234872632824,0.666859680704218,1.0849379888907786,0.6923214451584336,-0.48661436838367234,0.5376860858414014,-0.6179602344659044,166302.32622510413,64931.79855105817,0.15177240866605546,0.05
14.004923208230425,28.01625570837389,1.0097588194315685,0.2134756462851491,-1.2905123357426467,-1.2914599511356748,1.5132321960253097,0.7904307109755246,0.2696264033497966,0.42569376645952417,0.6329516171703704,955038.497008577,58288.749362739734,0.6754698927775455,0.05
14.326188462924232,1.7842590277166814,0.7529792267523717,0.4176842265168522,-1.7459563269496292,0.3025672096699128,0.3954347932768023,0.8746110674548051,-0.016875481964877204,0.5862663178703992,-0.0014013914208217404,766407.6558527646,20876.134353359746,0.685195838866164,0.05
17.85490989253995,29.21444744779168,0.5963515636281662,0.18556296985815376,-1.7997775775380682,-1.0979376120519908,-1.0977563430415018,0.619429397168358,0.5984327354941368,0.7034414505055187,0.5592174752874237,357885.66532054055,79965.2211994525,0.10637001733369156,0.05
8.019102298571536,4.601020072958543,1.0765668182431534,0.1907254695028213,1.5512086100579379,0.3313716751437057,0.8123801681434446,0.5383491366757178,0.325541427051524,0.7933131220108676,0.7810662998923632,473458.43989938725,70435.06247628825,0.5195049234132678,0.05
9.8006585893135,11.31953188460249,1.4109584957364525,0.35249865342567255,0.7377891454102135,1.7620603737193972,0.5744816105982298,0.5475124039382633,0.41813104840570947,0.7807617468192204,0.4848792807664968,155956.41413621837,23555.8355748176,0.5880832342536589,0.05
1.6717205259321917,4.2335621241335195,0.6609920275309873,0.36783992775402263,0.9059160351185507,0.5762770708072962,0.9478947679256571,0.21772690266980696,-0.7934474342315966,0.837603732445696,0.25773396283373984,816220.870763503,79176.83085982813,0.5573775371384679,0.05
2.458721598019677,6.471642813967124,1.1414961838047932,0.11784063565218889,0.7821090014723318,1.4744903420956663,-0.4129638536808664,0.5428097076876564,0.5290926798885838,0.6122158773735313,-0.7121962359076802,620699.8069228578,68939.43598809408,0.5385295857358611,0.05
10.82893185253354,25.307609308186972,1.1255000443720995,0.4049221357173398,1.4260492510330232,1.1441784414139158,1.1940086333970932,0.4926808950158971,-0.23969962490230778,0.7693520566635024,0.17499935416407975,875349.224733742,56541.01718366208,0.23887997092026747,0.05
18.911730995912162,13.75927273546878,0.4986493156158037,0.2714592457991046,-1.039141737622007,0.25482213637891293,-0.5356114503161247,0.529928481693628,-0.07391881701120973,0.5941311301088608,0.21248780295885705,921498.9139784247,11242.506349137462,0.7994326170963347,0.05
17.52561426133798,5.536174007488333,1.5404899768803566,0.12966613694953383,1.0471593064773832,0.5010021329722343,1.4011561004902897,0.6170505722969111,0.11810264716709828,0.41361602575240347,-0.2314684439923419,845764.5994770257,37088.044508447885,0.6153215700072676,0.05
16.008563502154786,4.196007882424359,1.4637645342208596,0.3630207983264955,1.8509689922487897,-0.941658775827074,0.4853854191275264,0.3718442964918171,0.2750700807952211,0.6800427105937781,-0.6236654559601178,705610.855918001,15955.726877583118,0.6500995901326316,0.05
6.953587300644462,20.739637939657033,1.182514950450099,0.11743120658926527,0.893214275132209,-1.78910500504358,1.1593200401951917,0.5224844743510817,0.2924137959906383,0.6265127142294447,-0.4697632160098968,332413.4408577308,15161.341122812304,0.8265716398924446,0.05
16.200292252525415,23.57710245885304,0.211114569732285,0.3880489875263152,0.8035375033663064,-0.7210735550494296,-1.5683523541682636,0.6208435566721993,-0.004118526746415996,0.6541799849481837,-0.4775417159443013,419338.6351118619,46264.79274773095,0.976300627353107,0.05
6.736313422856275,15.490837480467404,1.2253186973663088,0.3110285691552318,1.0739178520532993,0.47643374366927604,-0.3251132789931246,0.7901591654056299,0.08439540994249783,0.37939501928321706,-0.21039245254834416,375376.23325116944,91279.53190001968,0.4019494455326995,0.05
17.420507683668326,23.416152448115806,0.20798996513054901,0.426886487522266,0.30570047839731895,-0.5026131408863055,1.5069173565832856,0.5997050341742797,0.07570884717514548,0.5912287529972824,-0.26363073920827973,886010.1400944212,92071.81703335562,0.3140999165016939,0.05
3.324135934932796,28.633152114818845,0.15270171287070694,0.43360630327620087,-0.9540437240636144,0.4262736645486682,-0.30008582328262534,0.335051614998877,-0.5428672586660952,0.6286057720889551,-0.469569137281861,995513.0941535359,75278.24415408749,0.3351167631348696,0.05
11.84594712918489,19.23114052894679,0.3272741638726211,0.2908525789894688,-0.30707743293719236,-1.332935417191357,1.2113402191465714,0.2561986408197305,0.6372415581843052,0.503768980880072,0.7146067411205188,131447.3707114663,71314.5296140521,0.14197371768676192,0.05
13.97000544783703,28.268474516604634,0.21280762595919692,0.46972089122192073,1.8229581112271616,-0.09907470612684799,-1.262057253886514,0.5682970938335719,0.5335502749271492,0.6090391856718338,-0.34927069547679096,538032.0538814985,80930.58284155116,0.7292822676841899,0.05
10.205201793490614,1.3620255213297439,0.9128368637886407,0.3628797045621923,-0.015888159346760578,1.339714172648578,-0.7122530399570692,0.6263243425831098,-0.4822625936585745,0.741116192683456,0.08076745576852262,893490.2641542731,16022.154668779458,0.9998292819522906,0.05
11.329871324417324,21.197078270246653,1.3861108055145739,0.3899399713342333,-0.2567178564103454,-0.6112723745699138,0.7424532471850771,0.36542628187430315,0.6849699732830385,0.3967353007414658,-0.4633008591135223,988984.4968986465,30997.932652136027,0.9032467515770289,0.05
6.251698891291179,28.493024414430742,0.3589726782168945,0.14947676883538796,-0.13499539863289867,-1.424432591689334,1.269065172794709,0.8039285080667449,0.25108921196409195,0.8951742663490252,0.5772410580879608,547667.6532910226,47687.31297480804,0.9686372336781726,0.05
2.9078515724683136,5.739806209973075,1.0188314329714931,0.16754529563254172,-0.11973928398433031,-1.7094390044556578,0.2956070938022668,0.7009040185612863,0.3273040016140174,0.6312773972892556,0.24042161699740405,468466.7138337579,52188.208726793426,0.8250507646159164,0.05
11.50730740017076,24.911506683472805,0.2587624623512625,0.3287836990142098,-0.9897540546911578,1.4648492669301971,1.224635708289156,0.35359449463884435,0.364377430190427,0.7051423850031076,-0.5511848133919504,648498.4979699107,89770.8277077693,0.9645627815346451,0.05
18.143494944376492,16.659329703720264,1.6888788154650316,0.4265242415054894,1.524778529307981,1.5446009333849737,0.49069298665782624,0.26950065687461044,-0.716728526566794,0.5134556591881199,-0.4622444247036647,134038.4553760919,44046.07951319435,0.995270337175503,0.05
4.500155134690692,6.810485842835697,1.5176067156239186,0.16805582747473546,0.15870952724122,1.7021728075657694,0.7486695532565149,0.4756126461700227,-0.5485813534172218,0.6977739336895163,0.11387777381395447,332136.6501595136,58255.66589533852,0.612317318247531,0.05
10.550090982690195,15.011451467760406,1.050488181537667,0.31024057221475354,1.6508962958979079,-1.0980673602432556,-1.118758169734226,0.6691946794728585,0.797160424437013,0.4384577455396742,0.6915973873710228,360489.1199251461,48542.792502094075,0.2798348956155988,0.05
3.4329614103293444,2.7089414907894254,0.4202423661362752,0.24812496101559345,1.6055675976762998,1.8115545382297604,0.44568502889753114,0.748947081073988,0.5156406179647732,0.5256389227828375,0.7035300646341056,706045.602685529,76011.08562794104,0.3125908743371304,0.05
12.992228668217816,19.895222222470675,1.2848321748166545,0.2781674020986755,-0.2701041734313816,1.2209120266060909,-0.12029734464836839,0.3168565454327204,0.5209803687970698,0.8399283310765342,0.6881225759309306,836750.8631883636,40028.28838914831,0.35768091233817156,0.05
10.593113464511315,24.225967337576066,1.6104396458263355,0.21809989011723624,-1.017199097305057,1.5323771898247345,1.9818043795415283,0.7700567021131317,-0.05496482427888372,0.32210127042707815,-0.48936096906294146,357087.9439361228,39289.324912794065,0.4050402911221678,0.05
18.557166897059396,21.375540774277145,1.471477479910889,0.18159677771172544,-0.5011188538738383,1.1996013981779137,-0.9589903309172443,0.20317219903614014,0.7014881248898541,0.5372027769634222,0.237582819947874,544246.1282471159,70612.87750050146,0.1968140572847551,0.05
11.381403974721295,4.861965278799172,1.22832674902696,0.353688990907275,-1.4465898269707504,-1.4718109665843389,0.6498346495101925,0.3950341732117967,0.24206351331920373,0.8385067979799699,0.4383051036824541,633821.0945056115,77119.81100226325,0.19454985969442284,0.05
5.756044096119934,4.498910031324144,1.0722213967835514,0.4563149194124141,0.07849751746606826,-1.7762184534486773,0.34161773317484245,0.5204915390397845,-0.04727370816792098,0.535993291693657,0.7349310763869887,367476.0083898966,22404.052563065794,0.3616491382163265,0.05
12.050792557095704,16.518317876143154,1.3919431870773211,0.4108855695118523,-1.4510394759327716,1.1483014022125495,0.1289602660531206,0.4666720135966802,0.6161774784574101,0.7825948330637158,0.7957534782015507,358538.9935443268,69745.33617279524,0.46029082342731475,0.05
8.83624611649734,14.370409454941239,0.8995778932858588,0.14048079345238784,-0.03527959017051563,1.443321417843367,0.6377992294488815,0.4913712926051958,0.2369228685065483,0.8763384196636079,0.6145369935916913,181206.8847694596,54652.68089858424,0.9721325328213148,0.05
6.307783656130367,13.297866905429272,1.3340990981703587,0.2854303704924167,-0.35080010913756254,1.9755074061279574,1.9178548872086152,0.28919163808578463,0.3406946175071901,0.766257984356068,0.586991437384738,961078.2911157368,80684.24956295108,0.4871303207177816,0.05
1.0833295815863384,4.538273634401136,0.44869740705163275,0.17481893293099737,-0.250759200195668,-0.45043213005128147,0.29420291599005033,0.34467345955102957,-0.0257927616430893,0.5156041546192275,0.16819674419370956,817686.8145095566,83584.12886969023,0.8989649498550566,0.05
18.153861746474895,3.3194865847370885,1.7247214709873009,0.3531737377988844,-0.5444334688264862,1.677341294800097,1.0803804856393766,0.6275743208552339,0.3311161013927426,0.6289943506785445,-0.019499555272568303,409863.0372414389,12194.541035818751,0.22835464293999963,0.05
10.008125465368956,19.495442738227315,1.3879533769605992,0.2863372771039064,1.9110388309573834,-1.5782066070199905,-0.30933151141221726,0.45228437020992696,0.08273601475239789,0.6377484178765467,0.7859560403164054,113387.60369142772,53889.34289452503,0.5258744722939659,0.05
8.389724673300005,29.533829902753897,1.1485469289806627,0.4733188841784173,0.757738058068282,0.06957936793003583,1.0673249665078148,0.8416465627157337,0.6088631355078147,0.5226637388258907,0.5022987222658681,119463.85927872467,96719.73005783203,0.762298787335314,0.05
6.712835762463103,20.186276701451376,1.0271630444563213,0.44880433194841485,-0.9045989433031325,0.6231845424942462,0.004920787258750892,0.2643242885675559,-0.5609905235445682,0.4588732355992947,0.38840970350425597,224218.2198721768,23172.69538361703,0.5475901854321641,0.05
4.603390744870656,17.519731691452535,0.7656518185684126,0.25940061095715383,1.6817163874027208,1.2449233732810105,0.09713719707355484,0.500061611824103,-0.6147453395831441,0.6280574271206898,-0.777945562154091,339172.99349905853,55421.70283076014,0.7425260778736223,0.05
14.395546614380224,26.6560245770534,1.825166623604995,0.3336696556723492,0.017239103885819063,1.2329402526780329,0.6770203323371446,0.6508614593480446,-0.04025923272553089,0.5714270990320656,-0.5542961607810212,590476.7955917823,77948.88468213256,0.9051354026837075,0.05
15.668503385128519,26.066994682809533,0.8741044797421459,0.26815028957668474,-0.753017534503031,1.6784099663567007,1.6827676027880738,0.24144161557429009,0.05859888138135472,0.39873037595500044,-0.3260676209039948,234220.80547780645,41536.96860210091,0.3528045177102239,0.05
13.862441408246141,2.067474320391603,0.6082721395866166,0.3072340485230667,0.6817938590964281,-0.9672228948371564,-0.5945640734936162,0.4093046552256574,0.11213386305142858,0.7733200695734612,0.7911807868748282,625169.6735109006,82154.61834745541,0.9896365784626683,0.05
9.516692292764956,3.525691147066627,1.051829310849684,0.1783476144609047,-1.576896121937101,-0.1040803634941585,-0.3244636327944419,0.7666758446064073,-0.5082844281999416,0.32881459588736384,-0.6728312291165877,490230.80343985267,17406.54790488504,0.2248999663943072,0.05
12.1510602135801,16.058141980332593,1.2288821341663962,0.408782292902636,1.2667650551064922,0.29489749469408144,-0.7834948456747539,0.26580828265904854,0.5215375682946797,0.6154832908482437,-0.5831443239186381,659612.3813629504,92885.02345462749,0.15093625743590056,0.05
11.998802974870278,13.067556965488537,0.4341715287617457,0.29594128719962265,1.5887415485617127,1.2693840939872518,1.2980770074317403,0.33827870046550235,-0.6101928246757691,0.6712805963518487,0.32593167300036496,380894.2146804763,60992.2578519231,0.3191940787329153,0.05
6.025867643734181,12.791977012269587,1.5445770251792246,0.14447684876713418,1.6503560975887073,-0.7492538856391757,-1.0506475765584589,0.8263365192635492,0.5571278793950243,0.8210850756706958,-0.15187691851839824,154775.25964979827,79873.1184931884,0.36275072655451013,0.05
8.254222124820018,10.757989795976608,0.8100841631353981,0.36264329197395095,1.9854680596202212,1.274121438525715,0.38419750088983307,0.43921239376287585,-0.0192637955039775,0.8111175215296926,-0.6055441259568083,527538.9098512589,47081.404008839534,0.041443194383401605,0.05
13.685897700787633,28.260178799321835,1.2649252332506,0.2830590965111868,0.4267511565048885,0.12435699281322243,0.21215915556681209,0.5760881036429023,-0.722284817498593,0.34502348166086233,-0.48345042916696795,113859.07297181376,66036.31904397669,0.25235159114360717,0.05
17.86722300087893,11.935382331566112,1.947670196802718,0.20219305345523916,1.237503074148461,-0.25314765743218803,-1.1674310157290333,0.36765207794927685,0.33476397433391103,0.7993413152432377,0.13222827474765553,280034.5106316095,26592.82671132773,0.4438695095600469,0.05
11.9711241009537,15.989639775311225,1.1318658648899225,0.2865626634870996,0.025347849826128588,-1.7991816238975185,-1.5688488017683304,0.7401223833211825,0.2733104589846669,0.5174170398171951,0.16957493111081745,146523.96268255918,95152.33298769958,0.6748006661550885,0.05
13.257696002630517,27.144472596734182,1.359654526288166,0.2740239620044588,-0.1880283783581489,0.1605855900217481,-1.5910840551483725,0.4244319776910759,-0.3390279128180771,0.7014299585108201,-0.40895125380323294,778264.603407682,18207.88414931835,0.660851456290386,0.05
18.920469809625132,29.816062612000675,1.3878208506761858,0.23077815673010893,-1.0815270900661393,-0.05008830709418621,0.1530640457381396,0.7302407777603312,0.004421782052899004,0.8624335819553519,0.5705806816547399,963581.2209343212,73907.08261443436,0.7200049082513449,0.05
10.283525297579558,9.358370771356272,0.36274621938673324,0.2636047929542271,0.9314433531858395,1.650830479216466,-1.0010729114437185,0.5733076550816207,-0.7196134907460892,0.686539817695512,0.7173388858610847,541818.2353305988,80465.77143790809,0.4508960324817993,0.05
18.411432721165134,2.4570659263342343,1.3235935445648799,0.24258944070734928,0.08514171001771453,1.118622826999613,0.6578816636192908,0.5357021702687627,-0.5236026846594328,0.35118190685778405,0.7081768025231703,643525.2526189435,31241.344632169767,0.021791665599577348,0.05
8.242727774758723,23.88608599741974,1.4136668023270695,0.33624459832669606,1.7810264869360797,0.7393305306306455,0.9966477495706672,0.89795529056788,0.3342273681183363,0.8648696768989874,0.7032699304841659,955465.6697715815,22616.25747339514,0.9940695353694594,0.05
11.812573374425728,18.98845157201243,1.3717511632439159,0.3100386679332397,-0.49629419014707743,-0.9591790380637462,-1.3748765643989485,0.7836131271454947,-0.5948877072753224,0.8137354520343185,0.10191083800817113,278013.6181070672,36424.99874757824,0.2554295618918814,0.05
15.05812569307307,22.910653519275968,1.7988933193950936,0.41798393569737946,-1.2400043173955044,-1.3899114051098134,-0.8671775963733408,0.46775651487046654,-0.7984833268606386,0.49640044008595274,-0.224660596400577,452772.0714694298,47624.68230026893,0.007964629932783018,0.05
8.039311774298312,19.320632837894635,1.3381998753452586,0.46381022733824573,-0.553171905018023,-0.828448235180582,1.596557368423059,0.46611147815688475,0.3286193631049028,0.8959862030427634,-0.6921546869431534,332774.19355630764,68002.30489950022,0.21918349655261682,0.05
8.299108140305275,8.610800288475133,0.8866710258353759,0.186014028382954,0.8612304889149915,0.6253470345551961,-0.044419908285215026,0.5369690660876296,-0.6614003990973072,0.4560421476399935,-0.27299956151452387,158935.85020768826,20316.75005009505,0.16342068292052137,0.05
11.288989867925885,5.022072461014316,1.718415578784887,0.3468598991555257,0.3595504810653556,-1.9638782479101113,0.7885111533577245,0.6158662175531684,-0.23234536344836632,0.6433779210613368,-0.1300403521612541,530345.8953990226,53238.2810845695,0.18205037261103096,0.05
16.669201733796243,11.261248177360361,0.8802879733185517,0.16746908587465004,0.335161307394646,-0.11126514222419548,1.892826318190758,0.6703144737192196,0.3298147660229005,0.8465318293517865,-0.7940299705431455,533118.9848929372,37008.92777830562,0.2589170077622289,0.05
7.753198003389022,25.92276691398587,1.3709306483325387,0.32209660286654823,-0.06660777609455604,0.9426035057483233,0.566935881302506,0.8964190131276553,0.005705162074647108,0.5846563794479018,-0.789329546287514,732284.0631374301,53048.05618665546,0.6217943632842343,0.05
10.738327430752944,18.022130551982983,0.32436104273264643,0.1785412893448668,1.4082237600187475,-0.2190138580757357,-1.4175563663839248,0.5239820666847388,-0.518609670330964,0.6004416736705371,0.48868046484208705,919602.9390334173,71791.30673211129,0.4512670857147444,0.05
7.002136213489593,1.123452908015753,0.9757641515158547,0.33572784789843335,0.5721469932217351,-0.1454259970476537,-1.394461931135036,0.2750968280253942,0.14269961731772862,0.8430312807466047,0.7604313225439929,659128.7567135539,26344.233458220253,0.7962642086926605,0.05
2.2661691080280013,20.746367042675164,1.5613692889655473,0.13305747285681765,-0.29973839299977634,-1.940122702454091,-1.6337062875208357,0.7134216110851939,0.1793134770919107,0.46803263343822754,-0.7627762266008423,146224.2117249855,56601.0350316281,0.32823724358462103,0.05
15.622524214836549,10.113696667619779,1.7727820442858915,0.25838848260438274,-0.6648438551774922,0.6847038250875781,1.461407631774963,0.5472125023824418,-0.4811081100337427,0.8755655975979935,0.21788301534234722,115483.73198123074,44919.24234955453,0.1329611204939839,0.05
13.463863346013609,29.96383843374645,0.38126820849148024,0.41296299812232296,0.9540825602687213,1.3560364377909662,-0.5963856969344499,0.4126504332510645,-0.41718955637422983,0.750020549356047,0.6746328754177295,394192.7348145953,33845.24563556432,0.9858735058852861,0.05
2.4565827225006984,20.23717137676412,0.26413578020452894,0.17583232685503353,-0.18937316587866393,-0.20456326318512508,1.4299581764107718,0.7029091226176631,-0.15902541431320893,0.4528566425843251,-0.19442049755907187,416912.72544183844,14408.825374338367,0.4738852186370789,0.05
17.787134095518326,13.913889841427315,0.5585845020419234,0.2938667076768857,-1.6183621894008593,1.8996375970124881,-0.5041202234938953,0.21750277130211998,0.3684257767627961,0.432000276207322,0.054987151914512644,127752.01678419538,45136.141101854315,0.5017134014611477,0.05
18.561177042479613,16.500522359273223,1.0883192829567772,0.3981204153086447,-0.5673492774922595,-0.1922695359032418,1.2212175734790196,0.5467956396641689,-0.5297408172551086,0.7411889746125158,-0.022013333976214744,771533.5677933097,80423.88818258469,0.9770415015077761,0.05
18.651288483165384,3.655521641789555,1.383837178694774,0.462418185531997,0.004674588114089495,0.6199453553049441,-1.888379156556323,0.29383831613287814,-0.14552710196541996,0.45806371442101346,0.5824490796781061,767585.5237180546,22737.83355395431,0.7580831942418025,0.05
6.049783401987584,3.9402535116532142,0.43572214181080704,0.2041534015467165,1.3019342127819677,-1.4206114042002733,1.208029652760962,0.795322292024744,-0.014377238750688748,0.7968186616987569,-0.0459084686374569,214876.77102995946,68829.03804741638,0.37620440402940647,0.05
15.279792804198197,9.635382317480191,1.9120902057422158,0.19449117288613418,-0.8080358888862325,1.247088157502179,-0.7688381024319786,0.6835739540365666,-0.07956820340757864,0.4344748698918002,-0.3659886557410145,840582.6025211088,25853.60673364844,0.2897013502417194,0.05
13.342453402802542,25.191737592231917,1.0314930881228224,0.1251982902953014,-1.8359193845381787,1.4877400231304079,-0.5455343680519484,0.7842630328360196,-0.5426470081970571,0.6322402121786806,-0.018237910005634128,461382.2947791219,37454.42635966987,0.5929038052127898,0.05
19.993675312925753,24.32023648033547,1.811834825256435,0.38482830481489116,-1.9273442285496158,0.2802971224449946,-0.7854058688393608,0.6547974971549899,-0.351806339798698,0.6602604738693472,0.2262270940396025,407314.225565335,89758.96365528088,0.648687010483536,0.05
13.746613400855534,25.36462731693881,1.3233124010281325,0.4434726884478709,-0.023142767643784534,-1.3610520337693903,-1.6287875990180778,0.6889540627783027,-0.2927757513258422,0.304457845963207,-0.5406114644690307,825380.2246970534,64777.90618166612,0.269959869631746,0.05
1.168080710169627,10.330849520861191,1.4024123714306824,0.1514138708586379,1.1303420277449776,1.6745111484519635,-0.09663996193754887,0.4295525483764482,0.6509905900678865,0.44100540792257126,-0.2214550880522158,417812.7114845267,93671.67313882013,0.23606098362577477,0.05
4.571407978548921,4.08313963760217,0.21110054497717803,0.28376646469650213,1.0520137884033516,1.6901762187547136,0.2859894562256451,0.852312133405152,0.46051333169237973,0.3345790404222403,0.03143507050519401,579955.9171162765,22077.6742254916,0.4127041743906398,0.05
1.391961239861476,13.360355216394105,1.0622922237276984,0.38724501331586425,-1.0112431245512545,1.4221242859895695,1.5633660280705484,0.4460850855975744,-0.7643543204200315,0.5922723796961866,-0.760967820856865,874900.3503548692,86703.31756913305,0.3710153085273824,0.05
11.711341849734408,4.285189802942044,1.4829300083490258,0.3758910581270144,0.38440227157394924,0.09661125837759243,1.111678675136511,0.34056527457185315,-0.6092435524836977,0.7862564927810551,0.1369911973589677,663242.137601874,32211.08747918754,0.6309558985164456,0.05
9.490032943796413,3.0339881334990952,1.5341753722596354,0.4512597250790309,-1.6185211100033863,-0.22156367494459017,1.6040403602392703,0.31883135875694324,-0.45027325717624844,0.504608090553547,0.6492656658669416,608927.0967907165,78668.32934326782,0.25405237227823596,0.05
9.485492568003265,17.595038726860764,1.7714171262394731,0.3365519557846145,1.8421578645095256,0.7060093906784357,-0.88579825290685,0.7482513686699417,-0.1778740718624775,0.7567924727570159,0.7868153281027748,558777.3129102446,10634.595114515334,0.6818448824905017,0.05
15.81746005029911,8.05634209865502,0.4564324410955499,0.2802757019399823,-1.0126232211972828,0.921836632238203,-0.5363850167613369,0.3695001268432526,-0.21481013903171675,0.5268144173570146,-0.646912425824644,378907.03307053406,12537.179004746009,0.06728270761817956,0.05
7.022997404874644,2.160844721002075,1.552662078051388,0.1017790636907408,-1.2738109917148277,-1.08530924735458,-1.989109859112074,0.25428961137502415,0.2632680870701902,0.6446772631303652,-0.059493194442716835,781959.5594177233,27702.327484414167,0.1921346039429459,0.05
1.0979425976605584,4.851996175788678,1.1910681302815898,0.21261493427705955,-1.8276157667898514,-0.9843391454285575,1.285861536074735,0.6493889416842518,0.6558657027323893,0.503495727965537,-0.0019009555856646099,255961.74161573558,11546.437114426551,0.2244785901731805,0.05
19.815576799150417,21.68509080907591,0.5841274766221343,0.1823271449351619,0.6979875459133789,-0.42300929404503895,1.4449657627973398,0.565715838668325,0.0663914117202552,0.6639948393126631,0.32479658093687536,182917.49780275815,38453.35481311311,0.936553552855684,0.05
4.741166073405401,27.824922776183342,1.9369984240030211,0.12644001830876972,1.2377003777169113,0.47344599696193335,-0.9376398165136517,0.572490623231843,-0.5500978706036428,0.7493498128814184,-0.06656533324655778,907443.5688987395,66196.61791088956,0.8010278250176337,0.05
14.31711789026395,24.997272683344335,0.5534639514794484,0.19413736429109446,-0.19949176847746264,0.020228284171399213,0.24316811786905745,0.27064129976401813,0.1646696769196465,0.4329553158524566,0.317010980071325,195049.62673928967,10615.800576724605,0.30204835960492604,0.05
9.673902910112842,20.968800874827085,1.5771422946506,0.2893993746098573,0.34687491508367696,-1.2744587911892906,-0.3755191976351857,0.21367064013561468,0.500816034626459,0.5618710659330777,0.7120031844793488,580756.2984285541,82580.8713592962,0.321724273310552,0.05
6.2347396130635095,26.297677248548666,0.8400960993852351,0.3631333134367415,1.1079985963750474,1.4959228491715821,-1.8365686904822751,0.40887155471576164,0.47203032652466503,0.33005594362921453,-0.7827095315436456,607601.0923572846,49696.29766759658,0.09563590477542483,0.05
13.539636011162274,2.2993167424804195,0.5438180879237569,0.2524676713937767,-1.7536765260529088,-1.721974615646689,-1.3259209327376085,0.27060610081875286,-0.04501487895207479,0.7942260521472704,0.11259938360422639,299066.52198641875,14885.10364428945,0.8536004630201264,0.05
1.1963650409768891,27.71074324976909,1.250095468605221,0.3699768406061218,1.2042242068112756,-1.1557137197395195,-1.724315580021634,0.6694219187450806,-0.3366843880263819,0.4998969202921353,0.03417113404300276,354030.2330140213,13283.763538592217,0.6467100198316564,0.05
11.325511042184736,11.66075566208696,0.47129573870648767,0.19503348292163053,1.9779696913605158,-1.6311633085222725,0.5332538996973035,0.49276295263946074,-0.42859194733536443,0.4720608391167134,0.3742148119391997,558345.3124308784,13870.711303466702,0.2933539777851336,0.05
5.5060679505286965,2.5810393594736807,1.0212029908040345,0.16431144598365188,0.9216306194529134,-0.2280806157802413,-0.8157986402712103,0.5011165226394796,0.3996366281206323,0.8018893006464589,-0.21329343516938282,651094.3419903724,55936.513156894594,0.2884528179493069,0.05
11.285310685805825,10.494001483004197,0.5936110397932263,0.4078478519722647,-1.8548721262750836,-0.10680072229228399,0.5592080272879598,0.39988714528112224,0.17478090715469163,0.67284037598131,0.4713963648378612,515889.8001173934,21181.308178014704,0.44605328160166346,0.05
13.799025162436015,24.203894231379117,1.2600115538686878,0.1420541970622458,0.19103523788410026,-1.0083466169738955,-0.9194369008608434,0.2536123829367703,0.6379245807193912,0.6992477560548628,-0.2176344334529089,813106.1885261614,17846.485519184967,0.3413933490581399,0.05
14.178219257254868,11.870704719682198,0.25928312957007815,0.3349014999390245,1.655903140932057,1.5413927578909803,1.573748260250221,0.725260692247125,-0.5514415489882147,0.657914314787823,-0.003693096863469636,580840.2093309888,30092.957722632353,0.931264342508035,0.05
15.884998394072484,29.05128782393693,1.2837597942216925,0.4880501481771107,-1.4074234249305788,0.9638841803096767,-1.8898011801246901,0.5391455044499094,0.39092182582279533,0.8945430720187584,-0.40405342165526065,409422.5293319422,50503.50943454903,0.04279020472234274,0.05
12.279857016771263,18.500612780286154,0.530311400196685,0.17097948906314864,1.227104262348317,1.270910460111729,0.7853903579136894,0.689403664440277,-0.5006476560125728,0.3887031570055684,-0.33350806852730985,850214.5896753873,55509.979871560965,0.1570214597089059,0.05
17.219766585103045,24.109578171006195,1.2851734314700487,0.39713466849294077,0.25662034777533727,1.8124762769255223,-0.16304542402569533,0.8274156184534232,0.7004420639370312,0.4412750501734345,-0.016764948878663533,388760.7622608012,85600.85841490401,0.38366424159438084,0.05
4.310707004767901,18.298862326994467,0.8757792790003381,0.46242085828821533,0.7384186192191882,1.0040010983142151,-1.1666803703579731,0.8937207221466399,-0.475080208053822,0.8108172804790503,0.4839310673234396,608210.1713088178,32881.21692366091,0.321651024696605,0.05
12.8036674229905,23.266685408092368,1.8215825665691499,0.1976480770511051,0.9006316368781295,-0.5986950231626822,-1.0994340636342241,0.8201139375455062,0.1333355564030928,0.6616561761100219,0.3699177133845737,689209.7276517345,41435.211017746755,0.9275392033979835,0.05
2.6230768199079084,14.27758710831076,0.44387688755074606,0.49873619488422694,1.958330150284601,1.9641451442772868,0.2820389216333834,0.5723682314221006,-0.17195271208559793,0.7236120253617218,-0.6683480828201719,260943.63444069828,41984.10744750848,0.6848731667961335,0.05
18.01691252841097,14.199246810188908,0.4198301159329165,0.28969228220833265,-1.107543668036545,0.7444002652986756,-0.40209395586376795,0.4354066183406917,0.36268651586857326,0.6388918711816406,0.5081426370220867,190371.40635225625,89693.58371497274,0.8579969384450086,0.05
